{
    "diybms_settings": {
        "totalNumberOfBanks": 1,
        "totalNumberOfSeriesModules": 22,
        "baudRate": 10000,
        "interpacketgap": 3000,
        "graph_voltagehigh": 2800,
        "graph_voltagelow": 1800,
        "BypassOverTempShutdown": 65,
        "BypassThresholdmV": 2750,
        "timeZone": 0,
        "minutesTimeZone": 0,
        "daylight": false,
        "ntpServer": "time.google.com",
        "loggingEnabled": false,
        "loggingFrequencySeconds": 15,
        "currentMonitoringEnabled": true,
        "currentMonitoringModBusAddress": 90,
        "rs485baudrate": 19200,
        "rs485databits": 3,
        "rs485parity": 0,
        "rs485stopbits": 1,
        "language": "en",
        "mqtt": {
            "enabled": true,
            "uri": "mqtt://192.168.0.26:1883",
            "topic": "emon/diybms",
            "username": "emonpi",
            "password": "emonpimqtt2016"
        },
        "influxdb": {
            "enabled": false,
            "apitoken": "",
            "bucket": "bucketname",
            "org": "organisation",
            "url": "http://192.168.0.49:8086/api/v2/write",
            "logfreq": 15
        },
        "outputs": {
            "default": [
                153,
                153,
                153,
                153
            ],
            "type": [
                0,
                0,
                0,
                0
            ]
        },
        "rules": {
            "EmergencyStop": {
                "value": 0,
                "hysteresis": 0,
                "state": [
                    0,
                    0,
                    0,
                    0
                ]
            },
            "BMSError": {
                "value": 0,
                "hysteresis": 0,
                "state": [
                    0,
                    0,
                    0,
                    0
                ]
            },
            "CurrentMonitorOverCurrentAmps": {
                "value": 100,
                "hysteresis": 100,
                "state": [
                    0,
                    0,
                    0,
                    0
                ]
            },
            "ModuleOverVoltage": {
                "value": 2800,
                "hysteresis": 2750,
                "state": [
                    255,
                    0,
                    0,
                    0
                ]
            },
            "ModuleUnderVoltage": {
                "value": 1800,
                "hysteresis": 1850,
                "state": [
                    255,
                    0,
                    0,
                    0
                ]
            },
            "ModuleOverTemperatureInternal": {
                "value": 75,
                "hysteresis": 75,
                "state": [
                    0,
                    0,
                    0,
                    0
                ]
            },
            "ModuleUnderTemperatureInternal": {
                "value": 5,
                "hysteresis": 5,
                "state": [
                    0,
                    0,
                    0,
                    0
                ]
            },
            "ModuleOverTemperatureExternal": {
                "value": 50,
                "hysteresis": 50,
                "state": [
                    0,
                    0,
                    0,
                    0
                ]
            },
            "ModuleUnderTemperatureExternal": {
                "value": 2,
                "hysteresis": 2,
                "state": [
                    0,
                    0,
                    0,
                    0
                ]
            },
            "CurrentMonitorOverVoltage": {
                "value": 61600,
                "hysteresis": 61000,
                "state": [
                    0,
                    0,
                    0,
                    0
                ]
            },
            "CurrentMonitorUnderVoltage": {
                "value": 39600,
                "hysteresis": 40000,
                "state": [
                    0,
                    0,
                    0,
                    0
                ]
            },
            "BankOverVoltage": {
                "value": 61600,
                "hysteresis": 61000,
                "state": [
                    0,
                    0,
                    0,
                    0
                ]
            },
            "BankUnderVoltage": {
                "value": 39600,
                "hysteresis": 40000,
                "state": [
                    0,
                    0,
                    0,
                    0
                ]
            },
            "Timer2": {
                "value": 1020,
                "hysteresis": 1020,
                "state": [
                    0,
                    0,
                    0,
                    0
                ]
            },
            "Timer1": {
                "value": 480,
                "hysteresis": 480,
                "state": [
                    0,
                    0,
                    0,
                    0
                ]
            }
        },
        "protocol": 2,
        "nominalbatcap": 280,
        "chargevolt": 616,
        "chargecurrent": 650,
        "dischargecurrent": 650,
        "dischargevolt": 396,
        "chargetemplow": 0,
        "chargetemphigh": 50,
        "dischargetemplow": -30,
        "dischargetemphigh": 55,
        "stopchargebalance": false,
        "socoverride": false,
        "socforcelow": false,
        "dynamiccharge": true,
        "preventdischarge": false,
        "preventcharging": false,
        "cellminmv": 1850,
        "cellmaxmv": 2750,
        "kneemv": 2300,
        "cellmaxspikemv": 2800,
        "sensitivity": 27,
        "cur_val1": 36,
        "cur_val2": 7,
        "tilevisibility": [
            49152,
            0,
            62209,
            0,
            0
        ]
    }
}